Workbook
Name Slicer_Representative: #N/A

Sheet Data
B1: Call Centre Data
B3: Call number | C3: Customer ID | D3: Duration | E3: Representative | F3: Date of Call | G3: Purchase Amount | H3: Satisfaction Rating | I3: FY | J3: Day of week | K3: Duration Bucket | L3: Rating rounded | Q3: Customer ID | R3: Gedner | S3: Age | T3: City
B4: Call_7271 | C4: C0003 | D4: 116 | E4: R05 | F4: 44927 | G4: 128 | H4: 4.9 | I4: =IF(MONTH(calls[[#This Row],[Date of Call]])<=6, YEAR(calls[[#This Row],[Date of Call]]), YEAR(calls[[#This Row],[Date of Call]])+1) -> 2023 | J4: =TEXT(calls[[#This Row],[Date of Call]],"DDDD") -> Sunday | K4: {=_xlfn.IFS(calls[[#This Row],[Duration]]<=10,"Under 10 mins", calls[[#This Row],[Duration]]<=30, "10 to 30 mins", calls[[#This Row],[Duration]]<=60, "30 to 60 mins", calls[[#This Row],[Duration]]<=120, "1 to 2 hours", TRUE, "More than 2 hours")} -> 1 to 2 hours | L4: =ROUND(calls[[#This Row],[Satisfaction Rating]],0) -> 5 | Q4: C0001 | R4: Male | S4: 41 | T4: Columbus
B5: Call_7272 | C5: C0004 | D5: 119 | E5: R05 | F5: 44927 | G5: 135 | H5: 2.9 | I5: =IF(MONTH(calls[[#This Row],[Date of Call]])<=6, YEAR(calls[[#This Row],[Date of Call]]), YEAR(calls[[#This Row],[Date of Call]])+1) -> 2023 | J5: =TEXT(calls[[#This Row],[Date of Call]],"DDDD") -> Sunday | K5: {=_xlfn.IFS(calls[[#This Row],[Duration]]<=10,"Under 10 mins", calls[[#This Row],[Duration]]<=30, "10 to 30 mins", calls[[#This Row],[Duration]]<=60, "30 to 60 mins", calls[[#This Row],[Duration]]<=120, "1 to 2 hours", TRUE, "More than 2 hours")} -> 1 to 2 hours | L5: =ROUND(calls[[#This Row],[Satisfaction Rating]],0) -> 3 | Q5: C0002 | R5: Male | S5: 31 | T5: Cleveland
B6: Call_7273 | C6: C0005 | D6: 68 | E6: R02 | F6: 44927 | G6: 66 | H6: 4.7 | I6: =IF(MONTH(calls[[#This Row],[Date of Call]])<=6, YEAR(calls[[#This Row],[Date of Call]]), YEAR(calls[[#This Row],[Date of Call]])+1) -> 2023 | J6: =TEXT(calls[[#This Row],[Date of Call]],"DDDD") -> Sunday | K6: {=_xlfn.IFS(calls[[#This Row],[Duration]]<=10,"Under 10 mins", calls[[#This Row],[Duration]]<=30, "10 to 30 mins", calls[[#This Row],[Duration]]<=60, "30 to 60 mins", calls[[#This Row],[Duration]]<=120, "1 to 2 hours", TRUE, "More than 2 hours")} -> 1 to 2 hours | L6: =ROUND(calls[[#This Row],[Satisfaction Rating]],0) -> 5 | Q6: C0003 | R6: Male | S6: 26 | T6: Cincinnati
B7: Call_7274 | C7: C0014 | D7: 119 | E7: R02 | F7: 44927 | G7: 22 | H7: 2.9 | I7: =IF(MONTH(calls[[#This Row],[Date of Call]])<=6, YEAR(calls[[#This Row],[Date of Call]]), YEAR(calls[[#This Row],[Date of Call]])+1) -> 2023 | J7: =TEXT(calls[[#This Row],[Date of Call]],"DDDD") -> Sunday | K7: {=_xlfn.IFS(calls[[#This Row],[Duration]]<=10,"Under 10 mins", calls[[#This Row],[Duration]]<=30, "10 to 30 mins", calls[[#This Row],[Duration]]<=60, "30 to 60 mins", calls[[#This Row],[Duration]]<=120, "1 to 2 hours", TRUE, "More than 2 hours")} -> 1 to 2 hours | L7: =ROUND(calls[[#This Row],[Satisfaction Rating]],0) -> 3 | Q7: C0004 | R7: Male | S7: 36 | T7: Cincinnati
B8: Call_7275 | C8: C0011 | D8: 128 | E8: R01 | F8: 44928 | G8: 31 | H8: 2.8 | I8: =IF(MONTH(calls[[#This Row],[Date of Call]])<=6, YEAR(calls[[#This Row],[Date of Call]]), YEAR(calls[[#This Row],[Date of Call]])+1) -> 2023 | J8: =TEXT(calls[[#This Row],[Date of Call]],"DDDD") -> Monday | K8: {=_xlfn.IFS(calls[[#This Row],[Duration]]<=10,"Under 10 mins", calls[[#This Row],[Duration]]<=30, "10 to 30 mins", calls[[#This Row],[Duration]]<=60, "30 to 60 mins", calls[[#This Row],[Duration]]<=120, "1 to 2 hours", TRUE, "More than 2 hours")} -> More than 2 hours | L8: =ROUND(calls[[#This Row],[Satisfaction Rating]],0) -> 3 | Q8: C0005 | R8: Male | S8: 37 | T8: Columbus
B9: Call_7276 | C9: C0011 | D9: 49 | E9: R02 | F9: 44929 | G9: 135 | H9: 4.8 | I9: =IF(MONTH(calls[[#This Row],[Date of Call]])<=6, YEAR(calls[[#This Row],[Date of Call]]), YEAR(calls[[#This Row],[Date of Call]])+1) -> 2023 | J9: =TEXT(calls[[#This Row],[Date of Call]],"DDDD") -> Tuesday | K9: {=_xlfn.IFS(calls[[#This Row],[Duration]]<=10,"Under 10 mins", calls[[#This Row],[Duration]]<=30, "10 to 30 mins", calls[[#This Row],[Duration]]<=60, "30 to 60 mins", calls[[#This Row],[Duration]]<=120, "1 to 2 hours", TRUE, "More than 2 hours")} -> 30 to 60 mins | L9: =ROUND(calls[[#This Row],[Satisfaction Rating]],0) -> 5 | Q9: C0006 | R9: Male | S9: 23 | T9: Columbus
B10: Call_7277 | C10: C0007 | D10: 84 | E10: R05 | F10: 44929 | G10: 60 | H10: 4.7 | I10: =IF(MONTH(calls[[#This Row],[Date of Call]])<=6, YEAR(calls[[#This Row],[Date of Call]]), YEAR(calls[[#This Row],[Date of Call]])+1) -> 2023 | J10: =TEXT(calls[[#This Row],[Date of Call]],"DDDD") -> Tuesday | K10: {=_xlfn.IFS(calls[[#This Row],[Duration]]<=10,"Under 10 mins", calls[[#This Row],[Duration]]<=30, "10 to 30 mins", calls[[#This Row],[Duration]]<=60, "30 to 60 mins", calls[[#This Row],[Duration]]<=120, "1 to 2 hours", TRUE, "More than 2 hours")} -> 1 to 2 hours | L10: =ROUND(calls[[#This Row],[Satisfaction Rating]],0) -> 5 | Q10: C0007 | R10: Female | S10: 22 | T10: Cleveland
B11: Call_7278 | C11: C0003 | D11: 103 | E11: R04 | F11: 44929 | G11: 148 | H11: 4.4 | I11: =IF(MONTH(calls[[#This Row],[Date of Call]])<=6, YEAR(calls[[#This Row],[Date of Call]]), YEAR(calls[[#This Row],[Date of Call]])+1) -> 2023 | J11: =TEXT(calls[[#This Row],[Date of Call]],"DDDD") -> Tuesday | K11: {=_xlfn.IFS(calls[[#This Row],[Duration]]<=10,"Under 10 mins", calls[[#This Row],[Duration]]<=30, "10 to 30 mins", calls[[#This Row],[Duration]]<=60, "30 to 60 mins", calls[[#This Row],[Duration]]<=120, "1 to 2 hours", TRUE, "More than 2 hours")} -> 1 to 2 hours | L11: =ROUND(calls[[#This Row],[Satisfaction Rating]],0) -> 4 | Q11: C0008 | R11: Female | S11: 42 | T11: Cleveland
B12: Call_7279 | C12: C0005 | D12: 31 | E12: R02 | F12: 44929 | G12: 135 | H12: 3.6 | I12: =IF(MONTH(calls[[#This Row],[Date of Call]])<=6, YEAR(calls[[#This Row],[Date of Call]]), YEAR(calls[[#This Row],[Date of Call]])+1) -> 2023 | J12: =TEXT(calls[[#This Row],[Date of Call]],"DDDD") -> Tuesday | K12: {=_xlfn.IFS(calls[[#This Row],[Duration]]<=10,"Under 10 mins", calls[[#This Row],[Duration]]<=30, "10 to 30 mins", calls[[#This Row],[Duration]]<=60, "30 to 60 mins", calls[[#This Row],[Duration]]<=120, "1 to 2 hours", TRUE, "More than 2 hours")} -> 30 to 60 mins | L12: =ROUND(calls[[#This Row],[Satisfaction Rating]],0) -> 4 | Q12: C0009 | R12: Female | S12: 25 | T12: Columbus
B13: Call_7280 | C13: C0010 | D13: 44 | E13: R03 | F13: 44929 | G13: 105 | H13: 2.9 | I13: =IF(MONTH(calls[[#This Row],[Date of Call]])<=6, YEAR(calls[[#This Row],[Date of Call]]), YEAR(calls[[#This Row],[Date of Call]])+1) -> 2023 | J13: =TEXT(calls[[#This Row],[Date of Call]],"DDDD") -> Tuesday | K13: {=_xlfn.IFS(calls[[#This Row],[Duration]]<=10,"Under 10 mins", calls[[#This Row],[Duration]]<=30, "10 to 30 mins", calls[[#This Row],[Duration]]<=60, "30 to 60 mins", calls[[#This Row],[Duration]]<=120, "1 to 2 hours", TRUE, "More than 2 hours")} -> 30 to 60 mins | L13: =ROUND(calls[[#This Row],[Satisfaction Rating]],0) -> 3 | Q13: C0010 | R13: Female | S13: 30 | T13: Cleveland
B14: Call_7281 | C14: C0011 | D14: 102 | E14: R02 | F14: 44929 | G14: 69 | H14: 4.9 | I14: =IF(MONTH(calls[[#This Row],[Date of Call]])<=6, YEAR(calls[[#This Row],[Date of Call]]), YEAR(calls[[#This Row],[Date of Call]])+1) -> 2023 | J14: =TEXT(calls[[#This Row],[Date of Call]],"DDDD") -> Tuesday | K14: {=_xlfn.IFS(calls[[#This Row],[Duration]]<=10,"Under 10 mins", calls[[#This Row],[Duration]]<=30, "10 to 30 mins", calls[[#This Row],[Duration]]<=60, "30 to 60 mins", calls[[#This Row],[Duration]]<=120, "1 to 2 hours", TRUE, "More than 2 hours")} -> 1 to 2 hours | L14: =ROUND(calls[[#This Row],[Satisfaction Rating]],0) -> 5 | Q14: C0011 | R14: Female | S14: 30 | T14: Cincinnati
B15: Call_7282 | C15: C0013 | D15: 135 | E15: R05 | F15: 44929 | G15: 46 | H15: 3.4 | I15: =IF(MONTH(calls[[#This Row],[Date of Call]])<=6, YEAR(calls[[#This Row],[Date of Call]]), YEAR(calls[[#This Row],[Date of Call]])+1) -> 2023 | J15: =TEXT(calls[[#This Row],[Date of Call]],"DDDD") -> Tuesday | K15: {=_xlfn.IFS(calls[[#This Row],[Duration]]<=10,"Under 10 mins", calls[[#This Row],[Duration]]<=30, "10 to 30 mins", calls[[#This Row],[Duration]]<=60, "30 to 60 mins", calls[[#This Row],[Duration]]<=120, "1 to 2 hours", TRUE, "More than 2 hours")} -> More than 2 hours | L15: =ROUND(calls[[#This Row],[Satisfaction Rating]],0) -> 3 | Q15: C0012 | R15: Female | S15: 28 | T15: Cincinnati
... B18: Call_7285 | C18: C0013 | D18: 48 | E18: R01 | F18: 44930 | G18: 68 | H18: 4.9 | I18: =IF(MONTH(calls[[#This Row],[Date of Call]])<=6, YEAR(calls[[#This Row],[Date of Call]]), YEAR(calls[[#This Row],[Date of Call]])+1) -> 2023 | J18: =TEXT(calls[[#This Row],[Date of Call]],"DDDD") -> Wednesday | K18: {=_xlfn.IFS(calls[[#This Row],[Duration]]<=10,"Under 10 mins", calls[[#This Row],[Duration]]<=30, "10 to 30 mins", calls[[#This Row],[Duration]]<=60, "30 to 60 mins", calls[[#This Row],[Duration]]<=120, "1 to 2 hours", TRUE, "More than 2 hours")} -> 30 to 60 mins | L18: =ROUND(calls[[#This Row],[Satisfaction Rating]],0) -> 5 | Q18: C0015 | R18: Female | S18: 43 | T18: Cleveland
B19: Call_7286 | C19: C0010 | D19: 176 | E19: R05 | F19: 44931 | G19: 24 | H19: 4.8 | I19: =IF(MONTH(calls[[#This Row],[Date of Call]])<=6, YEAR(calls[[#This Row],[Date of Call]]), YEAR(calls[[#This Row],[Date of Call]])+1) -> 2023 | J19: =TEXT(calls[[#This Row],[Date of Call]],"DDDD") -> Thursday | K19: {=_xlfn.IFS(calls[[#This Row],[Duration]]<=10,"Under 10 mins", calls[[#This Row],[Duration]]<=30, "10 to 30 mins", calls[[#This Row],[Duration]]<=60, "30 to 60 mins", calls[[#This Row],[Duration]]<=120, "1 to 2 hours", TRUE, "More than 2 hours")} -> More than 2 hours | L19: =ROUND(calls[[#This Row],[Satisfaction Rating]],0) -> 5
B20: Call_7287 | C20: C0010 | D20: 99 | E20: R01 | F20: 44931 | G20: 195 | H20: 3.9 | I20: =IF(MONTH(calls[[#This Row],[Date of Call]])<=6, YEAR(calls[[#This Row],[Date of Call]]), YEAR(calls[[#This Row],[Date of Call]])+1) -> 2023 | J20: =TEXT(calls[[#This Row],[Date of Call]],"DDDD") -> Thursday | K20: {=_xlfn.IFS(calls[[#This Row],[Duration]]<=10,"Under 10 mins", calls[[#This Row],[Duration]]<=30, "10 to 30 mins", calls[[#This Row],[Duration]]<=60, "30 to 60 mins", calls[[#This Row],[Duration]]<=120, "1 to 2 hours", TRUE, "More than 2 hours")} -> 1 to 2 hours | L20: =ROUND(calls[[#This Row],[Satisfaction Rating]],0) -> 4
B21: Call_7288 | C21: C0009 | D21: 28 | E21: R03 | F21: 44931 | G21: 28 | H21: 3.8 | I21: =IF(MONTH(calls[[#This Row],[Date of Call]])<=6, YEAR(calls[[#This Row],[Date of Call]]), YEAR(calls[[#This Row],[Date of Call]])+1) -> 2023 | J21: =TEXT(calls[[#This Row],[Date of Call]],"DDDD") -> Thursday | K21: {=_xlfn.IFS(calls[[#This Row],[Duration]]<=10,"Under 10 mins", calls[[#This Row],[Duration]]<=30, "10 to 30 mins", calls[[#This Row],[Duration]]<=60, "30 to 60 mins", calls[[#This Row],[Duration]]<=120, "1 to 2 hours", TRUE, "More than 2 hours")} -> 10 to 30 mins | L21: =ROUND(calls[[#This Row],[Satisfaction Rating]],0) -> 4
B22: Call_7289 | C22: C0007 | D22: 54 | E22: R02 | F22: 44931 | G22: 170 | H22: 4.3 | I22: =IF(MONTH(calls[[#This Row],[Date of Call]])<=6, YEAR(calls[[#This Row],[Date of Call]]), YEAR(calls[[#This Row],[Date of Call]])+1) -> 2023 | J22: =TEXT(calls[[#This Row],[Date of Call]],"DDDD") -> Thursday | K22: {=_xlfn.IFS(calls[[#This Row],[Duration]]<=10,"Under 10 mins", calls[[#This Row],[Duration]]<=30, "10 to 30 mins", calls[[#This Row],[Duration]]<=60, "30 to 60 mins", calls[[#This Row],[Duration]]<=120, "1 to 2 hours", TRUE, "More than 2 hours")} -> 30 to 60 mins | L22: =ROUND(calls[[#This Row],[Satisfaction Rating]],0) -> 4
B23: Call_7290 | C23: C0006 | D23: 48 | E23: R05 | F23: 44932 | G23: 30 | H23: 4.4 | I23: =IF(MONTH(calls[[#This Row],[Date of Call]])<=6, YEAR(calls[[#This Row],[Date of Call]]), YEAR(calls[[#This Row],[Date of Call]])+1) -> 2023 | J23: =TEXT(calls[[#This Row],[Date of Call]],"DDDD") -> Friday | K23: {=_xlfn.IFS(calls[[#This Row],[Duration]]<=10,"Under 10 mins", calls[[#This Row],[Duration]]<=30, "10 to 30 mins", calls[[#This Row],[Duration]]<=60, "30 to 60 mins", calls[[#This Row],[Duration]]<=120, "1 to 2 hours", TRUE, "More than 2 hours")} -> 30 to 60 mins | L23: =ROUND(calls[[#This Row],[Satisfaction Rating]],0) -> 4 | P23: IF(MONTH([@[Date of Call]])<=6, YEAR([@[Date of Call]]),YEAR([@[Date of Call]])+1)
B24: Call_7291 | C24: C0004 | D24: 128 | E24: R05 | F24: 44932 | G24: 72 | H24: 5 | I24: =IF(MONTH(calls[[#This Row],[Date of Call]])<=6, YEAR(calls[[#This Row],[Date of Call]]), YEAR(calls[[#This Row],[Date of Call]])+1) -> 2023 | J24: =TEXT(calls[[#This Row],[Date of Call]],"DDDD") -> Friday | K24: {=_xlfn.IFS(calls[[#This Row],[Duration]]<=10,"Under 10 mins", calls[[#This Row],[Duration]]<=30, "10 to 30 mins", calls[[#This Row],[Duration]]<=60, "30 to 60 mins", calls[[#This Row],[Duration]]<=120, "1 to 2 hours", TRUE, "More than 2 hours")} -> More than 2 hours | L24: =ROUND(calls[[#This Row],[Satisfaction Rating]],0) -> 5
B25: Call_7292 | C25: C0004 | D25: 38 | E25: R04 | F25: 44933 | G25: 92 | H25: 4.9 | I25: =IF(MONTH(calls[[#This Row],[Date of Call]])<=6, YEAR(calls[[#This Row],[Date of Call]]), YEAR(calls[[#This Row],[Date of Call]])+1) -> 2023 | J25: =TEXT(calls[[#This Row],[Date of Call]],"DDDD") -> Saturday | K25: {=_xlfn.IFS(calls[[#This Row],[Duration]]<=10,"Under 10 mins", calls[[#This Row],[Duration]]<=30, "10 to 30 mins", calls[[#This Row],[Duration]]<=60, "30 to 60 mins", calls[[#This Row],[Duration]]<=120, "1 to 2 hours", TRUE, "More than 2 hours")} -> 30 to 60 mins | L25: =ROUND(calls[[#This Row],[Satisfaction Rating]],0) -> 5 | P25: TEXT([@[Date of Call]],"DDDD")
B26: Call_7293 | C26: C0003 | D26: 67 | E26: R04 | F26: 44934 | G26: 165 | H26: 4.5 | I26: =IF(MONTH(calls[[#This Row],[Date of Call]])<=6, YEAR(calls[[#This Row],[Date of Call]]), YEAR(calls[[#This Row],[Date of Call]])+1) -> 2023 | J26: =TEXT(calls[[#This Row],[Date of Call]],"DDDD") -> Sunday | K26: {=_xlfn.IFS(calls[[#This Row],[Duration]]<=10,"Under 10 mins", calls[[#This Row],[Duration]]<=30, "10 to 30 mins", calls[[#This Row],[Duration]]<=60, "30 to 60 mins", calls[[#This Row],[Duration]]<=120, "1 to 2 hours", TRUE, "More than 2 hours")} -> 1 to 2 hours | L26: =ROUND(calls[[#This Row],[Satisfaction Rating]],0) -> 5
B27: Call_7294 | C27: C0015 | D27: 58 | E27: R02 | F27: 44934 | G27: 140 | H27: 2.1 | I27: =IF(MONTH(calls[[#This Row],[Date of Call]])<=6, YEAR(calls[[#This Row],[Date of Call]]), YEAR(calls[[#This Row],[Date of Call]])+1) -> 2023 | J27: =TEXT(calls[[#This Row],[Date of Call]],"DDDD") -> Sunday | K27: {=_xlfn.IFS(calls[[#This Row],[Duration]]<=10,"Under 10 mins", calls[[#This Row],[Duration]]<=30, "10 to 30 mins", calls[[#This Row],[Duration]]<=60, "30 to 60 mins", calls[[#This Row],[Duration]]<=120, "1 to 2 hours", TRUE, "More than 2 hours")} -> 30 to 60 mins | L27: =ROUND(calls[[#This Row],[Satisfaction Rating]],0) -> 2 | P27: IFS([@Duration]<=10,"Under 10 mins",[@Duration]<=30,"10 to 30 mins",[@Duration]<=60,"30 to 60 mins",[@Duration]<=120,"1 to 2 hours",TRUE,"More than 2 hours")
B28: Call_7295 | C28: C0010 | D28: 54 | E28: R01 | F28: 44934 | G28: 111 | H28: 3.3 | I28: =IF(MONTH(calls[[#This Row],[Date of Call]])<=6, YEAR(calls[[#This Row],[Date of Call]]), YEAR(calls[[#This Row],[Date of Call]])+1) -> 2023 | J28: =TEXT(calls[[#This Row],[Date of Call]],"DDDD") -> Sunday | K28: {=_xlfn.IFS(calls[[#This Row],[Duration]]<=10,"Under 10 mins", calls[[#This Row],[Duration]]<=30, "10 to 30 mins", calls[[#This Row],[Duration]]<=60, "30 to 60 mins", calls[[#This Row],[Duration]]<=120, "1 to 2 hours", TRUE, "More than 2 hours")} -> 30 to 60 mins | L28: =ROUND(calls[[#This Row],[Satisfaction Rating]],0) -> 3
B29: Call_7296 | C29: C0012 | D29: 28 | E29: R05 | F29: 44935 | G29: 63 | H29: 4.1 | I29: =IF(MONTH(calls[[#This Row],[Date of Call]])<=6, YEAR(calls[[#This Row],[Date of Call]]), YEAR(calls[[#This Row],[Date of Call]])+1) -> 2023 | J29: =TEXT(calls[[#This Row],[Date of Call]],"DDDD") -> Monday | K29: {=_xlfn.IFS(calls[[#This Row],[Duration]]<=10,"Under 10 mins", calls[[#This Row],[Duration]]<=30, "10 to 30 mins", calls[[#This Row],[Duration]]<=60, "30 to 60 mins", calls[[#This Row],[Duration]]<=120, "1 to 2 hours", TRUE, "More than 2 hours")} -> 10 to 30 mins | L29: =ROUND(calls[[#This Row],[Satisfaction Rating]],0) -> 4 | P29: ROUND([@[Satisfaction Rating]],0)
B30: Call_7297 | C30: C0002 | D30: 73 | E30: R05 | F30: 44935 | G30: 80 | H30: 4.2 | I30: =IF(MONTH(calls[[#This Row],[Date of Call]])<=6, YEAR(calls[[#This Row],[Date of Call]]), YEAR(calls[[#This Row],[Date of Call]])+1) -> 2023 | J30: =TEXT(calls[[#This Row],[Date of Call]],"DDDD") -> Monday | K30: {=_xlfn.IFS(calls[[#This Row],[Duration]]<=10,"Under 10 mins", calls[[#This Row],[Duration]]<=30, "10 to 30 mins", calls[[#This Row],[Duration]]<=60, "30 to 60 mins", calls[[#This Row],[Duration]]<=120, "1 to 2 hours", TRUE, "More than 2 hours")} -> 1 to 2 hours | L30: =ROUND(calls[[#This Row],[Satisfaction Rating]],0) -> 4
B31: Call_7298 | C31: C0011 | D31: 81 | E31: R05 | F31: 44936 | G31: 50 | H31: 4.6 | I31: =IF(MONTH(calls[[#This Row],[Date of Call]])<=6, YEAR(calls[[#This Row],[Date of Call]]), YEAR(calls[[#This Row],[Date of Call]])+1) -> 2023 | J31: =TEXT(calls[[#This Row],[Date of Call]],"DDDD") -> Tuesday | K31: {=_xlfn.IFS(calls[[#This Row],[Duration]]<=10,"Under 10 mins", calls[[#This Row],[Duration]]<=30, "10 to 30 mins", calls[[#This Row],[Duration]]<=60, "30 to 60 mins", calls[[#This Row],[Duration]]<=120, "1 to 2 hours", TRUE, "More than 2 hours")} -> 1 to 2 hours | L31: =ROUND(calls[[#This Row],[Satisfaction Rating]],0) -> 5
B32: Call_7299 | C32: C0009 | D32: 31 | E32: R04 | F32: 44936 | G32: 123 | H32: 2.9 | I32: =IF(MONTH(calls[[#This Row],[Date of Call]])<=6, YEAR(calls[[#This Row],[Date of Call]]), YEAR(calls[[#This Row],[Date of Call]])+1) -> 2023 | J32: =TEXT(calls[[#This Row],[Date of Call]],"DDDD") -> Tuesday | K32: {=_xlfn.IFS(calls[[#This Row],[Duration]]<=10,"Under 10 mins", calls[[#This Row],[Duration]]<=30, "10 to 30 mins", calls[[#This Row],[Duration]]<=60, "30 to 60 mins", calls[[#This Row],[Duration]]<=120, "1 to 2 hours", TRUE, "More than 2 hours")} -> 30 to 60 mins | L32: =ROUND(calls[[#This Row],[Satisfaction Rating]],0) -> 3
B33: Call_7300 | C33: C0015 | D33: 155 | E33: R01 | F33: 44936 | G33: 110 | H33: 4.8 | I33: =IF(MONTH(calls[[#This Row],[Date of Call]])<=6, YEAR(calls[[#This Row],[Date of Call]]), YEAR(calls[[#This Row],[Date of Call]])+1) -> 2023 | J33: =TEXT(calls[[#This Row],[Date of Call]],"DDDD") -> Tuesday | K33: {=_xlfn.IFS(calls[[#This Row],[Duration]]<=10,"Under 10 mins", calls[[#This Row],[Duration]]<=30, "10 to 30 mins", calls[[#This Row],[Duration]]<=60, "30 to 60 mins", calls[[#This Row],[Duration]]<=120, "1 to 2 hours", TRUE, "More than 2 hours")} -> More than 2 hours | L33: =ROUND(calls[[#This Row],[Satisfaction Rating]],0) -> 5
B34: Call_7301 | C34: C0009 | D34: 80 | E34: R05 | F34: 44936 | G34: 140 | H34: 4.2 | I34: =IF(MONTH(calls[[#This Row],[Date of Call]])<=6, YEAR(calls[[#This Row],[Date of Call]]), YEAR(calls[[#This Row],[Date of Call]])+1) -> 2023 | J34: =TEXT(calls[[#This Row],[Date of Call]],"DDDD") -> Tuesday | K34: {=_xlfn.IFS(calls[[#This Row],[Duration]]<=10,"Under 10 mins", calls[[#This Row],[Duration]]<=30, "10 to 30 mins", calls[[#This Row],[Duration]]<=60, "30 to 60 mins", calls[[#This Row],[Duration]]<=120, "1 to 2 hours", TRUE, "More than 2 hours")} -> 1 to 2 hours | L34: =ROUND(calls[[#This Row],[Satisfaction Rating]],0) -> 4
B35: Call_7302 | C35: C0011 | D35: 82 | E35: R05 | F35: 44938 | G35: 42 | H35: 3.7 | I35: =IF(MONTH(calls[[#This Row],[Date of Call]])<=6, YEAR(calls[[#This Row],[Date of Call]]), YEAR(calls[[#This Row],[Date of Call]])+1) -> 2023 | J35: =TEXT(calls[[#This Row],[Date of Call]],"DDDD") -> Thursday | K35: {=_xlfn.IFS(calls[[#This Row],[Duration]]<=10,"Under 10 mins", calls[[#This Row],[Duration]]<=30, "10 to 30 mins", calls[[#This Row],[Duration]]<=60, "30 to 60 mins", calls[[#This Row],[Duration]]<=120, "1 to 2 hours", TRUE, "More than 2 hours")} -> 1 to 2 hours | L35: =ROUND(calls[[#This Row],[Satisfaction Rating]],0) -> 4
B36: Call_7303 | C36: C0011 | D36: 29 | E36: R01 | F36: 44938 | G36: 170 | H36: 5 | I36: =IF(MONTH(calls[[#This Row],[Date of Call]])<=6, YEAR(calls[[#This Row],[Date of Call]]), YEAR(calls[[#This Row],[Date of Call]])+1) -> 2023 | J36: =TEXT(calls[[#This Row],[Date of Call]],"DDDD") -> Thursday | K36: {=_xlfn.IFS(calls[[#This Row],[Duration]]<=10,"Under 10 mins", calls[[#This Row],[Duration]]<=30, "10 to 30 mins", calls[[#This Row],[Duration]]<=60, "30 to 60 mins", calls[[#This Row],[Duration]]<=120, "1 to 2 hours", TRUE, "More than 2 hours")} -> 10 to 30 mins | L36: =ROUND(calls[[#This Row],[Satisfaction Rating]],0) -> 5
B37: Call_7304 | C37: C0006 | D37: 160 | E37: R02 | F37: 44940 | G37: 105 | H37: 5 | I37: =IF(MONTH(calls[[#This Row],[Date of Call]])<=6, YEAR(calls[[#This Row],[Date of Call]]), YEAR(calls[[#This Row],[Date of Call]])+1) -> 2023 | J37: =TEXT(calls[[#This Row],[Date of Call]],"DDDD") -> Saturday | K37: {=_xlfn.IFS(calls[[#This Row],[Duration]]<=10,"Under 10 mins", calls[[#This Row],[Duration]]<=30, "10 to 30 mins", calls[[#This Row],[Duration]]<=60, "30 to 60 mins", calls[[#This Row],[Duration]]<=120, "1 to 2 hours", TRUE, "More than 2 hours")} -> More than 2 hours | L37: =ROUND(calls[[#This Row],[Satisfaction Rating]],0) -> 5
B38: Call_7305 | C38: C0001 | D38: 105 | E38: R05 | F38: 44941 | G38: 125 | H38: 4.8 | I38: =IF(MONTH(calls[[#This Row],[Date of Call]])<=6, YEAR(calls[[#This Row],[Date of Call]]), YEAR(calls[[#This Row],[Date of Call]])+1) -> 2023 | J38: =TEXT(calls[[#This Row],[Date of Call]],"DDDD") -> Sunday | K38: {=_xlfn.IFS(calls[[#This Row],[Duration]]<=10,"Under 10 mins", calls[[#This Row],[Duration]]<=30, "10 to 30 mins", calls[[#This Row],[Duration]]<=60, "30 to 60 mins", calls[[#This Row],[Duration]]<=120, "1 to 2 hours", TRUE, "More than 2 hours")} -> 1 to 2 hours | L38: =ROUND(calls[[#This Row],[Satisfaction Rating]],0) -> 5
B39: Call_7306 | C39: C0009 | D39: 75 | E39: R03 | F39: 44941 | G39: 26 | H39: 2.4 | I39: =IF(MONTH(calls[[#This Row],[Date of Call]])<=6, YEAR(calls[[#This Row],[Date of Call]]), YEAR(calls[[#This Row],[Date of Call]])+1) -> 2023 | J39: =TEXT(calls[[#This Row],[Date of Call]],"DDDD") -> Sunday | K39: {=_xlfn.IFS(calls[[#This Row],[Duration]]<=10,"Under 10 mins", calls[[#This Row],[Duration]]<=30, "10 to 30 mins", calls[[#This Row],[Duration]]<=60, "30 to 60 mins", calls[[#This Row],[Duration]]<=120, "1 to 2 hours", TRUE, "More than 2 hours")} -> 1 to 2 hours | L39: =ROUND(calls[[#This Row],[Satisfaction Rating]],0) -> 2
B40: Call_7307 | C40: C0015 | D40: 94 | E40: R03 | F40: 44942 | G40: 120 | H40: 3.1 | I40: =IF(MONTH(calls[[#This Row],[Date of Call]])<=6, YEAR(calls[[#This Row],[Date of Call]]), YEAR(calls[[#This Row],[Date of Call]])+1) -> 2023 | J40: =TEXT(calls[[#This Row],[Date of Call]],"DDDD") -> Monday | K40: {=_xlfn.IFS(calls[[#This Row],[Duration]]<=10,"Under 10 mins", calls[[#This Row],[Duration]]<=30, "10 to 30 mins", calls[[#This Row],[Duration]]<=60, "30 to 60 mins", calls[[#This Row],[Duration]]<=120, "1 to 2 hours", TRUE, "More than 2 hours")} -> 1 to 2 hours | L40: =ROUND(calls[[#This Row],[Satisfaction Rating]],0) -> 3
B41: Call_7308 | C41: C0004 | D41: 90 | E41: R02 | F41: 44942 | G41: 132 | H41: 3.2 | I41: =IF(MONTH(calls[[#This Row],[Date of Call]])<=6, YEAR(calls[[#This Row],[Date of Call]]), YEAR(calls[[#This Row],[Date of Call]])+1) -> 2023 | J41: =TEXT(calls[[#This Row],[Date of Call]],"DDDD") -> Monday | K41: {=_xlfn.IFS(calls[[#This Row],[Duration]]<=10,"Under 10 mins", calls[[#This Row],[Duration]]<=30, "10 to 30 mins", calls[[#This Row],[Duration]]<=60, "30 to 60 mins", calls[[#This Row],[Duration]]<=120, "1 to 2 hours", TRUE, "More than 2 hours")} -> 1 to 2 hours | L41: =ROUND(calls[[#This Row],[Satisfaction Rating]],0) -> 3
... B1003: Call_8270 | C1003: C0009 | D1003: 114 | E1003: R01 | F1003: 45291 | G1003: 40 | H1003: 3.9 | I1003: =IF(MONTH(calls[[#This Row],[Date of Call]])<=6, YEAR(calls[[#This Row],[Date of Call]]), YEAR(calls[[#This Row],[Date of Call]])+1) -> 2024 | J1003: =TEXT(calls[[#This Row],[Date of Call]],"DDDD") -> Sunday | K1003: {=_xlfn.IFS(calls[[#This Row],[Duration]]<=10,"Under 10 mins", calls[[#This Row],[Duration]]<=30, "10 to 30 mins", calls[[#This Row],[Duration]]<=60, "30 to 60 mins", calls[[#This Row],[Duration]]<=120, "1 to 2 hours", TRUE, "More than 2 hours")} -> 1 to 2 hours | L1003: =ROUND(calls[[#This Row],[Satisfaction Rating]],0) -> 4

Sheet Assets
E2: Rep ID | F2: Rep Image
E3: R01 | F3: #VALUE!
E4: R02 | F4: #VALUE!
E5: R03 | F5: #VALUE!
E6: R04 | F6: #VALUE!
E7: R05 | F7: #VALUE!

Sheet pivots
A3: call count | B3: total amount | C3: total duration | D3: avg rating | E3: 5* Calls
A4: 1000 | B4: 96623 | C4: 89850 | D4: 3.8854 | E4: 307
A9: call count | B9: total amount | C9: total duration | D9: avg rating | E9: 5* Calls
A10: 218 | B10: 20581 | C10: 19300 | D10: 3.8706422 | E10: 74
A20: Row Labels | B20: call count | C20: call count2 | F20: Row Labels | G20: call count
A21: Jan | B21: 19 | C21: 19 | F21: Sunday | G21: 28
A22: Feb | B22: 10 | C22: 10 | F22: Monday | G22: 24
A23: Mar | B23: 40 | C23: 40 | F23: Tuesday | G23: 44
A24: Apr | B24: 40 | C24: 40 | F24: Wednesday | G24: 36
A25: May | B25: 13 | C25: 13 | F25: Thursday | G25: 33
A26: Jun | B26: 12 | C26: 12 | F26: Friday | G26: 29
A27: Jul | B27: 9 | C27: 9 | F27: Saturday | G27: 24
A28: Aug | B28: 13 | C28: 13 | F28: Grand Total | G28: 218
A29: Sep | B29: 18 | C29: 18
A30: Oct | B30: 21 | C30: 21
A31: Nov | B31: 14 | C31: 14
A32: Dec | B32: 9 | C32: 9
A33: Grand Total | B33: 218 | C33: 218
E39: For Graph | H39: Selected rep: | I39: =A52 -> R02
A41: Row Labels | B41: call count | C41: total amount | E41: Rep | F41: Calls | G41: Amount | H41: Sel.Calls | I41: Sel.Amount
A42: R01 | B42: 189 | C42: 18415 | E42: {=A42:C46} -> R01 | F42: 189 | G42: 18415 | H42: =IF(E42=$I$39,F42,NA()) -> #N/A | I42: =IF(E42=$I$39,G42,NA()) -> #N/A
A43: R02 | B43: 218 | C43: 20581 | E43: R02 | F43: 218 | G43: 20581 | H43: =IF(E43=$I$39,F43,NA()) -> 218 | I43: =IF(E43=$I$39,G43,NA()) -> 20581
A44: R03 | B44: 207 | C44: 20872 | E44: R03 | F44: 207 | G44: 20872 | H44: =IF(E44=$I$39,F44,NA()) -> #N/A | I44: =IF(E44=$I$39,G44,NA()) -> #N/A
A45: R04 | B45: 186 | C45: 16651 | E45: R04 | F45: 186 | G45: 16651 | H45: =IF(E45=$I$39,F45,NA()) -> #N/A | I45: =IF(E45=$I$39,G45,NA()) -> #N/A
A46: R05 | B46: 200 | C46: 20104 | E46: R05 | F46: 200 | G46: 20104 | H46: =IF(E46=$I$39,F46,NA()) -> #N/A | I46: =IF(E46=$I$39,G46,NA()) -> #N/A
A47: Grand Total | B47: 1000 | C47: 96623
F49: Reps Summary
A51: Row Labels | F51: % of calls | G51: =A10/A4 -> 0.218
A52: R02 | F52: Calls | G52: =_xlfn.XLOOKUP(A52,E42:E46,F42:F46) -> 218
F53: Amount | G53: =_xlfn.XLOOKUP(A52,E42:E46,G42:G46) -> 20581
F55: Call rank | G55: =_xlfn.RANK.AVG(G52,F42:F46) -> 1
F56: Amount rank | G56: =_xlfn.RANK.AVG(G53,G42:G46) -> 2
A58: Count of Call number | B58: Column Labels | F58: Lables:
A59: Row Labels | B59: Female | C59: Male | D59: Grand Total | G59: ="% of calls:"&TEXT(G51,"0%") -> % of calls:22%
A60: Cincinnati | B60: 144 | C60: 132 | D60: 276 | G60: =IF(COUNTA(A52:A56)>1,"","Call rank:"&G55) -> Call rank:1
A61: Cleveland | B61: 326 | C61: 63 | D61: 389 | G61: =IF(COUNTA(A52:A56)>1,"","Amount Rank:"&G56) -> Amount Rank:2
A62: Columbus | B62: 129 | C62: 206 | D62: 335
A63: Grand Total | B63: 599 | C63: 401 | D63: 1000 | F63: Image: | G63: =IF(COUNTA(A52:A56)>1,"",_xlfn.XLOOKUP(A52,Assets!E3:E7,Assets!F3:F7)) -> #VALUE!
A66: Row Labels | B66: Count of Call number
A67: 1 | B67: 3
A68: 2 | B68: 19
A69: 3 | B69: 35
A70: 4 | B70: 87
A71: 5 | B71: 74
A72: Grand Total | B72: 218
A76: total amount | B76: Column Labels
A77: Row Labels | B77: R01 | C77: R02 | D77: R03 | E77: R04 | F77: R05 | G77: Grand Total
A78: Cincinnati
A79: C0003 | B79: 891 | C79: 1332 | D79: 1282 | E79: 739 | F79: 560 | G79: 4804
A80: C0004 | B80: 1991 | C80: 1886 | D80: 1206 | E80: 884 | F80: 1722 | G80: 7689
A81: C0011 | B81: 1163 | C81: 1180 | D81: 1616 | E81: 1043 | F81: 1747 | G81: 6749
A82: C0012 | B82: 1438 | C82: 1616 | D82: 866 | E82: 829 | F82: 2070 | G82: 6819
A83: Cleveland
A84: C0002 | B84: 1233 | C84: 223 | D84: 1680 | E84: 990 | F84: 1508 | G84: 5634
A85: C0007 | B85: 1598 | C85: 1907 | D85: 869 | E85: 1426 | F85: 1416 | G85: 7216
A86: C0008 | B86: 900 | C86: 1016 | D86: 960 | E86: 940 | F86: 1193 | G86: 5009
A87: C0010 | B87: 900 | C87: 1470 | D87: 1617 | E87: 1314 | F87: 941 | G87: 6242
A88: C0013 | B88: 1255 | C88: 516 | D88: 1874 | E88: 1863 | F88: 1722 | G88: 7230
A89: C0015 | B89: 1138 | C89: 1898 | D89: 1482 | E89: 846 | F89: 1154 | G89: 6518
A90: Columbus
A91: C0001 | B91: 1655 | C91: 805 | D91: 2263 | E91: 987 | F91: 1075 | G91: 6785
A92: C0005 | B92: 1104 | C92: 2280 | D92: 1445 | E92: 1722 | F92: 1196 | G92: 7747
A93: C0006 | B93: 372 | C93: 1818 | D93: 1346 | E93: 1156 | F93: 1484 | G93: 6176
A94: C0009 | B94: 1415 | C94: 1271 | D94: 1214 | E94: 1135 | F94: 1566 | G94: 6601
A95: C0014 | B95: 1362 | C95: 1363 | D95: 1152 | E95: 777 | F95: 750 | G95: 5404

Sheet Customer center report
C1: CALL CENTER REPORT - 2023
Q20: {=pivots!B77:F77} -> R01 | R20: R02 | S20: R03 | T20: R04 | U20: R05 | V20: Total
P21: {=IF(pivots!A78:G95="","",pivots!A78:G95)} -> Cincinnati
P22: C0003 | Q22: 891 | R22: 1332 | S22: 1282 | T22: 739 | U22: 560 | V22: 4804
P23: C0004 | Q23: 1991 | R23: 1886 | S23: 1206 | T23: 884 | U23: 1722 | V23: 7689
P24: C0011 | Q24: 1163 | R24: 1180 | S24: 1616 | T24: 1043 | U24: 1747 | V24: 6749
P25: C0012 | Q25: 1438 | R25: 1616 | S25: 866 | T25: 829 | U25: 2070 | V25: 6819
P26: Cleveland
P27: C0002 | Q27: 1233 | R27: 223 | S27: 1680 | T27: 990 | U27: 1508 | V27: 5634
P28: C0007 | Q28: 1598 | R28: 1907 | S28: 869 | T28: 1426 | U28: 1416 | V28: 7216
P29: C0008 | Q29: 900 | R29: 1016 | S29: 960 | T29: 940 | U29: 1193 | V29: 5009
P30: C0010 | Q30: 900 | R30: 1470 | S30: 1617 | T30: 1314 | U30: 941 | V30: 6242
M31: =pivots!G63 -> #VALUE! | P31: C0013 | Q31: 1255 | R31: 516 | S31: 1874 | T31: 1863 | U31: 1722 | V31: 7230
P32: C0015 | Q32: 1138 | R32: 1898 | S32: 1482 | T32: 846 | U32: 1154 | V32: 6518
P33: Columbus
P34: C0001 | Q34: 1655 | R34: 805 | S34: 2263 | T34: 987 | U34: 1075 | V34: 6785
P35: C0005 | Q35: 1104 | R35: 2280 | S35: 1445 | T35: 1722 | U35: 1196 | V35: 7747
M36: =pivots!G59 -> % of calls:22% | P36: C0006 | Q36: 372 | R36: 1818 | S36: 1346 | T36: 1156 | U36: 1484 | V36: 6176
M37: =pivots!G60 -> Call rank:1 | P37: C0009 | Q37: 1415 | R37: 1271 | S37: 1214 | T37: 1135 | U37: 1566 | V37: 6601
M38: =pivots!G61 -> Amount Rank:2 | P38: C0014 | Q38: 1362 | R38: 1363 | S38: 1152 | T38: 777 | U38: 750 | V38: 5404

Sheet Sheet1
B3: 1 | C3: Set up the dashboard page & theme
B4: =B3+1 -> 2 | C4: Pivots for KPIs
B5: =B4+1 -> 3 | C5: Creating the "Data Model"
B6: =B5+1 -> 4 | C6: Making DAX Measures
B7: =B6+1 -> 5 | C7: Dashboard Titles
B8: =B7+1 -> 6 | C8: Trend Graph
B9: =B8+1 -> 7 | C9: weekday Trend
B10: =B9+1 -> 8 | C10: Call & Amounts by Rep
B11: 9 | C11: Slicer formating and styles
B12: 10 | C12: Call by customer Demograpics
B13: 11 | C13: Rating Distribution Histogram
B14: 12 | C14: Customer Revenue Analysis(table)
B15: 13 | C15: Conditinal formating Databars for the table
B16: 14 | C16: Highlighting the currently selected rep
B17: 15 | C17: Setting up the dashboard title
